{
  "project_info": {
    "project_number": "424862935927",
    "firebase_url": "https://dohunlee-233cc.firebaseio.com",
    "project_id": "dohunlee-233cc",
    "storage_bucket": "dohunlee-233cc.appspot.com"
  },
  "client": [
    {
      "client_info": {
        "mobilesdk_app_id": "1:424862935927:android:3a10d7c869849232",
        "android_client_info": {
          "package_name": "com.example.serverdata2"
        }
      },
      "oauth_client": [
        {
          "client_id": "424862935927-71sambbc2qn0jg41evsajn216r9oddtj.apps.googleusercontent.com",
          "client_type": 1,
          "android_info": {
            "package_name": "com.example.serverdata2",
            "certificate_hash": "afd1ee16fe2310c6309ded8e67873063cb5d80ef"
          }
        },
        {
          "client_id": "424862935927-j9g4hfsgqhf54dht46c4pgjdgnn7s3i5.apps.googleusercontent.com",
          "client_type": 3
        }
      ],
      "api_key": [
        {
          "current_key": "AIzaSyA9PwNf0cMxoTcS8CNblVbqPujS_geioJ4"
        }
      ],
      "services": {
        "appinvite_service": {
          "other_platform_oauth_client": [
            {
              "client_id": "424862935927-j9g4hfsgqhf54dht46c4pgjdgnn7s3i5.apps.googleusercontent.com",
              "client_type": 3
            }
          ]
        }
      }
    }
  ],
  "configuration_version": "1"
}